<?xml version="1.0" encoding="utf-8"?>
<context_description version="1">
  <meta_data version="1" kind="roi frame">
    <data_format version="1" kind="roi_frame_data_format" byte_depth="4" data_type="float" saturation_value="1023.000000" max_value="1023.000000" no_data_value="3.402823466e+38" nr_cols="2045" nr_rows="1085">
      <rois_sensor>
        <roi version="1" nr_cols="2045" nr_rows="1085" offset_sensor_x="0" offset_sensor_y="0"/>
      </rois_sensor>
    </data_format>
    <data_info version="1" kind="image_data_info" data_source="HSI Mosaic 1.12.0.0" system_id="13.7.8.4"/>
  </meta_data>
</context_description>
